{
  "strings": {
    "First Citi": 0,
    "Citizen:\nB": 1,
    "Shyamalan ": 2,
    "more in jo": 3
  },
  "sim_strings": [
    [
      "First Citi",
      "First Cons",
      "First Watc",
      "First kiss",
      "First will",
      "Fifth Citi",
      "First Musi",
      "First Offi",
      "First Lady",
      "First Roma"
    ],
    [
      "Citizen:\nB",
      "Citizen:\nY",
      "Citizen:\nM",
      "Citizen:\nG",
      "Citizen:\nN",
      "Citizen:\nL",
      "Citizen:\nA",
      "Citizen:\nW",
      "Citizen:\nS",
      "Citizen:\nC"
    ],
    [
      "thy mildne",
      "thy as an ",
      "thy fatal ",
      "Thy false ",
      "thy false ",
      "Madam, an ",
      "thy madam,",
      "the melanc",
      "ch amazed ",
      "the balanc"
    ],
    [
      "more in jo",
      "more in a ",
      "more in hi",
      "more inexo",
      "more it wo",
      "wore in Ro",
      "more in th",
      " are in je",
      "more to co",
      "more on He"
    ]
  ],
  "distances": [
    [
      0.0,
      0.0,
      58.616146087646484,
      0.0
    ],
    [
      45.280941009521484,
      26.46442222595215,
      59.59699249267578,
      38.13066482543945
    ],
    [
      45.45125198364258,
      26.525405883789062,
      59.94971466064453,
      38.300811767578125
    ],
    [
      45.93501281738281,
      26.693750381469727,
      60.12375259399414,
      38.64134216308594
    ],
    [
      46.773597717285156,
      26.80864143371582,
      60.14640426635742,
      38.76118087768555
    ],
    [
      47.094356536865234,
      26.94220542907715,
      60.6412353515625,
      39.48868942260742
    ],
    [
      47.29683303833008,
      26.97141456604004,
      61.19448471069336,
      39.78563690185547
    ],
    [
      47.966339111328125,
      26.993995666503906,
      61.28182601928711,
      45.419097900390625
    ],
    [
      52.93850326538086,
      27.147048950195312,
      61.75345993041992,
      45.87199783325195
    ],
    [
      53.20820617675781,
      27.18059730529785,
      62.69725036621094,
      45.91240692138672
    ]
  ]
}