{
  "strings": {
    "First Citi": 0,
    "Citizen:\nB": 1,
    "Shyamalan ": 2,
    "more in jo": 3
  },
  "sim_strings": [
    [
      "First Citi",
      "Fifth Citi",
      "Third Citi",
      "Sixth Citi",
      "venth Citi",
      "econd Citi",
      "ourth Citi",
      "\nBoth Citi",
      "\n\nAll Citi",
      "us!' 'Citi"
    ],
    [
      "Citizen:\nB",
      "therein:\nB",
      "evented:\nB",
      "enemies:\nB",
      "endship:\nB",
      "spicion:\nB",
      "o thine:\nB",
      "ribunes:\nB",
      "service:\nB",
      "Capulet:\nB"
    ],
    [
      "gentleman ",
      "r woodman ",
      " nobleman ",
      "ourneyman ",
      "statesman ",
      "ntlewoman ",
      "er: Milan ",
      "nglishman ",
      "a footman ",
      "et carman "
    ],
    [
      "more in jo",
      " men in jo",
      "less in jo",
      "rich in jo",
      " if one jo",
      "ur fine jo",
      "nt your jo",
      " of our jo",
      "ade his jo",
      " is any jo"
    ]
  ],
  "distances": [
    [
      0.0,
      0.0,
      3.544745445251465,
      0.0
    ],
    [
      1.4481122493743896,
      2.337855100631714,
      3.651174306869507,
      0.84946209192276
    ],
    [
      1.595020055770874,
      2.442188262939453,
      3.660001516342163,
      0.8897707462310791
    ],
    [
      1.8183759450912476,
      2.467850923538208,
      3.7051467895507812,
      0.9534828662872314
    ],
    [
      1.837678074836731,
      2.4772651195526123,
      3.7562761306762695,
      1.8277353048324585
    ],
    [
      1.9379428625106812,
      2.508070945739746,
      3.766720771789551,
      1.9395394325256348
    ],
    [
      2.012838125228882,
      2.5932199954986572,
      3.8118538856506348,
      1.9575353860855103
    ],
    [
      2.276702642440796,
      2.5996599197387695,
      3.8362114429473877,
      1.9620426893234253
    ],
    [
      2.6971595287323,
      2.6951522827148438,
      3.8737757205963135,
      2.126868963241577
    ],
    [
      4.032189846038818,
      2.707612991333008,
      3.959488868713379,
      2.1492419242858887
    ]
  ]
}