{
  "strings": {
    "First Citi": 0,
    "Citizen:\nB": 1,
    "Shyamalan ": 2,
    "more in jo": 3
  },
  "sim_strings": [
    [
      "First Citi",
      "Fifth Citi",
      "Third Citi",
      "Sixth Citi",
      "venth Citi",
      "ourth Citi",
      "\nBoth Citi",
      "econd Citi",
      "\n\nAll Citi",
      "nds.\n\nCiti"
    ],
    [
      "Citizen:\nB",
      "spicion:\nB",
      "therein:\nB",
      "o thine:\nB",
      "s exile:\nB",
      "ribunes:\nB",
      "\n\nNurse:\nB",
      "anished:\nB",
      "service:\nB",
      "enemies:\nB"
    ],
    [
      "ard groan ",
      "e hangman ",
      "a kinsman ",
      "any woman ",
      "dden mean ",
      "ourneyman ",
      "and\nwoman ",
      "What mean ",
      "an, woman ",
      "hed woman "
    ],
    [
      "more in jo",
      "rich in jo",
      "less in jo",
      " men in jo",
      "eo, bon jo",
      "nt your jo",
      "ur fine jo",
      " of our jo",
      "le\nYour jo",
      "ll your jo"
    ]
  ],
  "distances": [
    [
      0.0,
      0.0,
      0.9652686715126038,
      0.0
    ],
    [
      0.5147513747215271,
      0.8666142225265503,
      1.0126549005508423,
      0.4853624701499939
    ],
    [
      0.6113840341567993,
      1.0455939769744873,
      1.031255841255188,
      0.4868541359901428
    ],
    [
      0.6570780873298645,
      1.2380152940750122,
      1.0391783714294434,
      0.5407097935676575
    ],
    [
      0.7524361610412598,
      1.2652360200881958,
      1.0410239696502686,
      0.7568368315696716
    ],
    [
      0.8747500777244568,
      1.2694424390792847,
      1.0479868650436401,
      0.7719851136207581
    ],
    [
      0.8755049705505371,
      1.3135056495666504,
      1.0567023754119873,
      0.8386246562004089
    ],
    [
      0.9863261580467224,
      1.329070806503296,
      1.0655683279037476,
      0.8555974364280701
    ],
    [
      1.0890780687332153,
      1.357155442237854,
      1.0700764656066895,
      0.8825164437294006
    ],
    [
      1.4023948907852173,
      1.3625231981277466,
      1.0709283351898193,
      0.8863524198532104
    ]
  ]
}