{
  "strings": {
    "First Citi": 0,
    "Citizen:\nB": 1,
    "Shyamalan ": 2,
    "more in jo": 3
  },
  "sim_strings": [
    [
      "First Citi",
      "Third Citi",
      "Sixth Citi",
      "Fifth Citi",
      "econd Citi",
      "venth Citi",
      "ourth Citi",
      "\n\nAll Citi",
      "\nBoth Citi",
      "us!' 'Citi"
    ],
    [
      "Citizen:\nB",
      "Capulet:\nB",
      "spicion:\nB",
      "therein:\nB",
      "charity:\nB",
      "ond woe:\nB",
      " better:\nB",
      "endship:\nB",
      "Senator:\nB",
      "service:\nB"
    ],
    [
      "universal ",
      "is carnal ",
      "a kinsman ",
      "r woodman ",
      "r kinsman ",
      "a footman ",
      "ranciscan ",
      "nd mortal ",
      "A natural ",
      "unnatural "
    ],
    [
      "more in jo",
      " men in jo",
      "rich in jo",
      "less in jo",
      "ower no jo",
      " if one jo",
      "es more jo",
      "ee more jo",
      "ange of jo",
      "cap for jo"
    ]
  ],
  "distances": [
    [
      0.0,
      0.0,
      3.8988640308380127,
      0.0
    ],
    [
      6.224621772766113,
      2.9341351985931396,
      3.95452880859375,
      2.7743351459503174
    ],
    [
      6.766421794891357,
      3.94925594329834,
      4.110390663146973,
      2.998793840408325
    ],
    [
      7.080443382263184,
      4.340627193450928,
      4.209916114807129,
      3.1833550930023193
    ],
    [
      7.283268451690674,
      4.348803997039795,
      4.2230916023254395,
      4.409193515777588
    ],
    [
      7.75345516204834,
      4.392378807067871,
      4.256584644317627,
      4.649169921875
    ],
    [
      7.957406997680664,
      4.473680019378662,
      4.266552925109863,
      4.679080963134766
    ],
    [
      8.56747055053711,
      4.526058197021484,
      4.287550926208496,
      4.730502128601074
    ],
    [
      8.673300743103027,
      4.540503978729248,
      4.298381328582764,
      4.888603210449219
    ],
    [
      15.707794189453125,
      4.560956954956055,
      4.311938285827637,
      5.058830261230469
    ]
  ]
}