{
  "strings": {
    "First Citi": 0,
    "Citizen:\nB": 1,
    "Shyamalan ": 2,
    "more in jo": 3
  },
  "sim_strings": [
    [
      "First Citi",
      "Third Citi",
      "Sixth Citi",
      "ourth Citi",
      "venth Citi",
      "Fifth Citi",
      "econd Citi",
      "\nBoth Citi",
      "\n\nAll Citi",
      "les!\n\nCiti"
    ],
    [
      "Citizen:\nB",
      "therein:\nB",
      "enemies:\nB",
      "ictures:\nB",
      " images:\nB",
      "spicion:\nB",
      "ribunes:\nB",
      "Capulet:\nB",
      "endship:\nB",
      "o thine:\nB"
    ],
    [
      "nglishman ",
      " nobleman ",
      "statesman ",
      "gentleman ",
      "d Italian ",
      "e\nItalian ",
      "ntlewoman ",
      "et carman ",
      "a footman ",
      "his human "
    ],
    [
      "more in jo",
      " men in jo",
      "less in jo",
      "rich in jo",
      " if one jo",
      "ur fine jo",
      " bid me jo",
      "York is jo",
      "eet and jo",
      "ion and jo"
    ]
  ],
  "distances": [
    [
      0.0,
      0.0,
      5.4879150390625,
      0.0
    ],
    [
      2.2469146251678467,
      3.0392005443573,
      5.5139641761779785,
      1.5181324481964111
    ],
    [
      2.3884761333465576,
      3.456864356994629,
      5.817637920379639,
      1.5689830780029297
    ],
    [
      2.6142451763153076,
      3.5792934894561768,
      5.843627452850342,
      1.647520661354065
    ],
    [
      2.7118515968322754,
      3.6199960708618164,
      5.989823341369629,
      2.4499597549438477
    ],
    [
      2.7211010456085205,
      3.6211392879486084,
      6.039161205291748,
      2.95458984375
    ],
    [
      2.9389727115631104,
      3.6402289867401123,
      6.118953704833984,
      3.3368735313415527
    ],
    [
      3.960843801498413,
      3.6460721492767334,
      6.145915508270264,
      3.3416242599487305
    ],
    [
      4.087594509124756,
      3.6736528873443604,
      6.232548236846924,
      3.369032382965088
    ],
    [
      7.903390884399414,
      3.6895649433135986,
      6.329641819000244,
      3.37670636177063
    ]
  ]
}