{
  "strings": {
    "First Citi": 0,
    "Citizen:\nB": 1,
    "Shyamalan ": 2,
    "more in jo": 3
  },
  "sim_strings": [
    [
      "First Citi",
      "Third Citi",
      "Sixth Citi",
      "ourth Citi",
      "Fifth Citi",
      "econd Citi",
      "venth Citi",
      "s and citi",
      "r and citi",
      "\nBoth Citi"
    ],
    [
      "Citizen:\nB",
      "therein:\nB",
      "spicion:\nB",
      "o thine:\nB",
      "atience:\nB",
      "Senator:\nB",
      "ribunes:\nB",
      "my suit:\nB",
      "be gone:\nB",
      "service:\nB"
    ],
    [
      "lace than ",
      "eace than ",
      "ourneyman ",
      "arest\nman ",
      "statesman ",
      "ortal man ",
      "thly mean ",
      "ntlewoman ",
      "ance than ",
      "hapes man "
    ],
    [
      "more in jo",
      " if one jo",
      " men in jo",
      "rich in jo",
      "ur fine jo",
      " of our jo",
      "nt your jo",
      "ower no jo",
      "less in jo",
      " on the jo"
    ]
  ],
  "distances": [
    [
      0.0,
      0.0,
      0.21203245222568512,
      0.0
    ],
    [
      0.18412095308303833,
      0.26834002137184143,
      0.23143881559371948,
      0.13602495193481445
    ],
    [
      0.18932020664215088,
      0.2849195897579193,
      0.23648738861083984,
      0.14190681278705597
    ],
    [
      0.18953166902065277,
      0.3142063021659851,
      0.2407020777463913,
      0.1475401669740677
    ],
    [
      0.18968544900417328,
      0.3266209363937378,
      0.24159665405750275,
      0.15246398746967316
    ],
    [
      0.19898806512355804,
      0.34161093831062317,
      0.24256330728530884,
      0.15354397892951965
    ],
    [
      0.21434135735034943,
      0.34854811429977417,
      0.24382655322551727,
      0.15779630839824677
    ],
    [
      0.23070837557315826,
      0.35537657141685486,
      0.24708031117916107,
      0.16368092596530914
    ],
    [
      0.23570051789283752,
      0.3588631749153137,
      0.2489798665046692,
      0.16516149044036865
    ],
    [
      0.23800276219844818,
      0.3594883978366852,
      0.25060951709747314,
      0.16681639850139618
    ]
  ]
}