{
  "strings": {
    "First Citi": 0,
    "Citizen:\nB": 1,
    "Shyamalan ": 2,
    "more in jo": 3
  },
  "sim_strings": [
    [
      "First Citi",
      "Fifth Citi",
      "Third Citi",
      "\nBoth Citi",
      "Sixth Citi",
      "venth Citi",
      "econd Citi",
      "ourth Citi",
      "\n\nAll Citi",
      "us!' 'Citi"
    ],
    [
      "Citizen:\nB",
      "Capulet:\nB",
      "ictures:\nB",
      "charity:\nB",
      "enemies:\nB",
      "council:\nB",
      " it now:\nB",
      "ribunes:\nB",
      "spicion:\nB",
      "untsman:\nB"
    ],
    [
      "gentleman ",
      " a madman ",
      "d Italian ",
      "statesman ",
      " nobleman ",
      "nglishman ",
      "ntlewoman ",
      "a footman ",
      " of Milan ",
      "liege-man "
    ],
    [
      "more in jo",
      " men in jo",
      "less in jo",
      "rich in jo",
      " if one jo",
      " day of jo",
      "ower no jo",
      " second jo",
      "ords no jo",
      " is any jo"
    ]
  ],
  "distances": [
    [
      0.0,
      0.0,
      6.12323522567749,
      0.0
    ],
    [
      3.4059290885925293,
      3.612565279006958,
      6.127559661865234,
      2.125697135925293
    ],
    [
      3.409710168838501,
      4.001229286193848,
      6.246767997741699,
      2.1806719303131104
    ],
    [
      4.06368350982666,
      4.060275077819824,
      6.253814220428467,
      2.2706515789031982
    ],
    [
      4.083217620849609,
      4.1338653564453125,
      6.491887092590332,
      3.630139112472534
    ],
    [
      4.227717399597168,
      4.177114486694336,
      6.514708518981934,
      3.7314224243164062
    ],
    [
      4.504428386688232,
      4.311792373657227,
      6.527085304260254,
      3.815547227859497
    ],
    [
      4.520184516906738,
      4.343414306640625,
      6.540554523468018,
      4.033432483673096
    ],
    [
      4.899316310882568,
      4.3681135177612305,
      6.546256065368652,
      4.0815110206604
    ],
    [
      7.542211532592773,
      4.455875396728516,
      6.59849214553833,
      4.182429313659668
    ]
  ]
}