{
  "strings": {
    "First Citi": 0,
    "Citizen:\nB": 1,
    "Shyamalan ": 2,
    "more in jo": 3
  },
  "sim_strings": [
    [
      "First Citi",
      "Fifth Citi",
      "Third Citi",
      "Sixth Citi",
      "venth Citi",
      "ourth Citi",
      "\nBoth Citi",
      "Both Citiz",
      "irst Citiz",
      "econd Citi"
    ],
    [
      "Citizen:\nB",
      "Citizen:\nM",
      "Citizen:\nW",
      "Capulet:\nB",
      "Citizen:\nN",
      "Citizen:\nY",
      "Citizen:\nC",
      "Citizen:\nD",
      "Citizen:\nT",
      "Citizen:\nS"
    ],
    [
      "universal ",
      "malignant ",
      "e malmsey-",
      "nformal wo",
      "amazedness",
      " malignant",
      "ualities a",
      "formally i",
      "malcontent",
      "at royal o"
    ],
    [
      "more in jo",
      "rich in jo",
      "less in jo",
      " and in ju",
      " men in jo",
      "part in ju",
      "ueen in je",
      "ight in ju",
      " are in je",
      "ceed in ju"
    ]
  ],
  "distances": [
    [
      0.0,
      0.0,
      9.858887672424316,
      0.0
    ],
    [
      4.223703861236572,
      4.035014629364014,
      9.916388511657715,
      5.570013046264648
    ],
    [
      4.981445789337158,
      5.065641403198242,
      10.004653930664062,
      5.854252815246582
    ],
    [
      5.128036022186279,
      5.1714959144592285,
      10.188072204589844,
      6.285171031951904
    ],
    [
      5.955016136169434,
      5.25471830368042,
      10.19775676727295,
      6.461276054382324
    ],
    [
      6.098474025726318,
      5.3479180335998535,
      10.230705261230469,
      6.504533290863037
    ],
    [
      6.146790504455566,
      5.400488376617432,
      10.245108604431152,
      6.710132598876953
    ],
    [
      6.36946964263916,
      5.473185062408447,
      10.251622200012207,
      6.795168399810791
    ],
    [
      6.391656398773193,
      5.492403030395508,
      10.322848320007324,
      6.966470241546631
    ],
    [
      6.481593132019043,
      5.708495616912842,
      10.383771896362305,
      7.097809314727783
    ]
  ]
}