{
  "strings": {
    "First Citi": 0,
    "Citizen:\nB": 1,
    "Shyamalan ": 2,
    "more in jo": 3
  },
  "sim_strings": [
    [
      "First Citi",
      "Fifth Citi",
      "Sixth Citi",
      "Third Citi",
      "econd Citi",
      "ourth Citi",
      "venth Citi",
      "\nBoth Citi",
      "\nFirst Cit",
      "Fourth Cit"
    ],
    [
      "Citizen:\nB",
      "Capulet:\nB",
      "endship:\nB",
      "therein:\nB",
      "ictures:\nB",
      "spicion:\nB",
      "Citizen:\nN",
      "Citizen:\nS",
      "enemies:\nB",
      "Citizen:\nH"
    ],
    [
      "Streaming ",
      "Scandal'd ",
      "nglishman ",
      "Sebastian,",
      "statesman ",
      "gentleman ",
      " nobleman ",
      "Supposing ",
      "Salisbury!",
      "ranciscan "
    ],
    [
      "more in jo",
      "rich in jo",
      " men in jo",
      " are in je",
      "less in jo",
      "ueen in je",
      "ceed in ju",
      "part in ju",
      " and in ju",
      "ight in ju"
    ]
  ],
  "distances": [
    [
      0.0,
      0.0,
      5.759943962097168,
      0.0
    ],
    [
      4.21273136138916,
      4.154869079589844,
      6.077939033508301,
      2.978829860687256
    ],
    [
      4.507780075073242,
      4.3368401527404785,
      6.199674129486084,
      3.27235746383667
    ],
    [
      4.559446811676025,
      4.337082862854004,
      6.315306186676025,
      3.3980886936187744
    ],
    [
      5.146231651306152,
      4.4736809730529785,
      6.413507461547852,
      3.483395576477051
    ],
    [
      5.332144260406494,
      4.483342170715332,
      6.518743991851807,
      3.8970861434936523
    ],
    [
      5.35711669921875,
      4.669990062713623,
      6.523279190063477,
      4.602966785430908
    ],
    [
      5.826285362243652,
      4.685776233673096,
      6.641674995422363,
      4.6506028175354
    ],
    [
      5.830437183380127,
      4.782096862792969,
      6.75775671005249,
      4.691592216491699
    ],
    [
      6.0361409187316895,
      4.783301830291748,
      6.813504695892334,
      4.740964412689209
    ]
  ]
}