{
  "strings": {
    "First Citi": 0,
    "Citizen:\nB": 1,
    "Shyamalan ": 2,
    "more in jo": 3
  },
  "sim_strings": [
    [
      "First Citi",
      "Fifth Citi",
      "Third Citi",
      "econd Citi",
      "venth Citi",
      "Sixth Citi",
      "ourth Citi",
      "\nBoth Citi",
      "\nFirst Cit",
      "\n\nAll Citi"
    ],
    [
      "Citizen:\nB",
      "Citizen:\nL",
      "Citizen:\nV",
      "Citizen:\nF",
      "Citizen:\nM",
      "Citizen:\nW",
      "Citizen:\nY",
      "Citizen:\nH",
      "Citizen:\nA",
      "Citizen:\nT"
    ],
    [
      "too malape",
      "are malape",
      "ath allay'",
      "ar, allay ",
      "loud alaru",
      "tern alaru",
      "articularl",
      "age allays",
      "articulars",
      "and melanc"
    ],
    [
      "more in jo",
      " men in jo",
      "less in jo",
      "rich in jo",
      " if one jo",
      "ur fine jo",
      "ould be jo",
      " and in ju",
      " bid me jo",
      "part in ju"
    ]
  ],
  "distances": [
    [
      0.0,
      0.0,
      7.280763149261475,
      0.0
    ],
    [
      3.552464008331299,
      4.258216381072998,
      7.451242446899414,
      2.721522331237793
    ],
    [
      3.562457323074341,
      4.480433940887451,
      7.62667989730835,
      2.8696115016937256
    ],
    [
      3.7611865997314453,
      4.48718786239624,
      7.656667709350586,
      3.0198371410369873
    ],
    [
      4.242944717407227,
      4.607832908630371,
      7.7433857917785645,
      4.693791389465332
    ],
    [
      4.260714054107666,
      4.650197982788086,
      7.8244781494140625,
      4.849603176116943
    ],
    [
      4.454143047332764,
      4.787395477294922,
      7.924349308013916,
      4.962489604949951
    ],
    [
      5.029811859130859,
      4.80333137512207,
      7.990080833435059,
      4.976815223693848
    ],
    [
      5.394582748413086,
      4.821070194244385,
      8.028454780578613,
      5.217408180236816
    ],
    [
      5.759792804718018,
      4.93459939956665,
      8.032059669494629,
      5.313692092895508
    ]
  ]
}