{
  "strings": {
    "First Citi": 0,
    "Citizen:\nB": 1,
    "Shyamalan ": 2,
    "more in jo": 3
  },
  "sim_strings": [
    [
      "First Citi",
      "Fifth Citi",
      "Third Citi",
      "Sixth Citi",
      "econd Citi",
      "ourth Citi",
      "venth Citi",
      "For Christ",
      "Second Cap",
      "First Cons"
    ],
    [
      "Citizen:\nB",
      "Citizen:\nT",
      "Citizen:\nW",
      "Citizen:\nS",
      "Citizen:\nD",
      "Citizen:\nH",
      "Citizen:\nF",
      "Citizen:\nM",
      "Citizen:\nG",
      "Citizen:\nO"
    ],
    [
      "Southam li",
      "Susan and ",
      "She hath, ",
      "She sings ",
      "Sneak not ",
      "nglishman ",
      "She shall ",
      "Stanley, h",
      "Streaming ",
      "Soldiers, "
    ],
    [
      "more in jo",
      " more inhu",
      " more unli",
      "more for n",
      "es more jo",
      "more of yo",
      "more unfor",
      "morant bel",
      "morning ro",
      " men in jo"
    ]
  ],
  "distances": [
    [
      0.0,
      0.0,
      5.671764850616455,
      0.0
    ],
    [
      3.9488699436187744,
      4.584981918334961,
      6.180763244628906,
      3.9527781009674072
    ],
    [
      4.853248596191406,
      4.587137222290039,
      6.302742004394531,
      4.0358381271362305
    ],
    [
      5.340643882751465,
      4.686165809631348,
      6.374469757080078,
      4.095333576202393
    ],
    [
      5.482071399688721,
      4.834936141967773,
      6.41855001449585,
      4.114019393920898
    ],
    [
      5.526033401489258,
      4.908331394195557,
      6.432591438293457,
      4.133561611175537
    ],
    [
      5.8125081062316895,
      4.92576789855957,
      6.448184013366699,
      4.149173259735107
    ],
    [
      5.913387298583984,
      5.158989429473877,
      6.466026306152344,
      4.224724769592285
    ],
    [
      6.549130916595459,
      5.264632225036621,
      6.509207248687744,
      4.257632255554199
    ],
    [
      6.592077732086182,
      5.385404586791992,
      6.521470546722412,
      4.3086419105529785
    ]
  ]
}