{
  "strings": {
    "First Citi": 0,
    "Citizen:\nB": 1,
    "Shyamalan ": 2,
    "more in jo": 3
  },
  "sim_strings": [
    [
      "First Citi",
      "Third Citi",
      "Fifth Citi",
      "Sixth Citi",
      "ourth Citi",
      "econd Citi",
      "venth Citi",
      "\nBoth Citi",
      "cient citi",
      "is conditi"
    ],
    [
      "Citizen:\nB",
      "atience:\nB",
      "therein:\nB",
      "o thine:\nB",
      "spicion:\nB",
      "Citizen:\nT",
      "Citizen:\nM",
      "Citizen:\nA",
      "service:\nB",
      "my suit:\nB"
    ],
    [
      "\nshall ano",
      "shall manu",
      "ll as many",
      "ularly and",
      "lamely and",
      "ently mana",
      "ortal man ",
      "ather many",
      "royal hand",
      "lace than "
    ],
    [
      "more in jo",
      " men in jo",
      " if one jo",
      "ur fine jo",
      "rich in jo",
      "ower no jo",
      "nt your jo",
      "less in jo",
      "ords no jo",
      "my true jo"
    ]
  ],
  "distances": [
    [
      0.0,
      0.0,
      1.3663930892944336,
      0.0
    ],
    [
      0.9900834560394287,
      1.3116739988327026,
      1.3987497091293335,
      0.7772222757339478
    ],
    [
      1.0527468919754028,
      1.377926230430603,
      1.4701833724975586,
      0.8279233574867249
    ],
    [
      1.072889804840088,
      1.4156291484832764,
      1.4762195348739624,
      0.8293529748916626
    ],
    [
      1.1174670457839966,
      1.4468799829483032,
      1.4797520637512207,
      0.891887366771698
    ],
    [
      1.1463220119476318,
      1.478255271911621,
      1.4901323318481445,
      0.9388028383255005
    ],
    [
      1.2748721837997437,
      1.5719239711761475,
      1.5172909498214722,
      0.9966013431549072
    ],
    [
      1.3196630477905273,
      1.5809067487716675,
      1.5202335119247437,
      1.0121937990188599
    ],
    [
      1.5311475992202759,
      1.594537377357483,
      1.526473045349121,
      1.0178273916244507
    ],
    [
      1.5513478517532349,
      1.5962193012237549,
      1.5272949934005737,
      1.0566774606704712
    ]
  ]
}