{
  "strings": {
    "First Citi": 0,
    "Citizen:\nB": 1,
    "Shyamalan ": 2,
    "more in jo": 3
  },
  "sim_strings": [
    [
      "First Citi",
      "Fifth Citi",
      "Third Citi",
      "Sixth Citi",
      "venth Citi",
      "ourth Citi",
      "econd Citi",
      "\nBoth Citi",
      "\n\nAll Citi",
      "nds.\n\nCiti"
    ],
    [
      "Citizen:\nB",
      "Citizen:\nM",
      "Citizen:\nY",
      "Citizen:\nH",
      "Citizen:\nS",
      "spicion:\nB",
      "Citizen:\nW",
      "therein:\nB",
      "Citizen:\nT",
      "Citizen:\nF"
    ],
    [
      "amous land",
      "ou garland",
      "arrow lane",
      "ard groan ",
      "at Rutland",
      "arful land",
      "im a sland",
      "rnal plant",
      "en garland",
      "ately land"
    ],
    [
      "more in jo",
      " men in jo",
      "rich in jo",
      "less in jo",
      "York in ju",
      "part in ju",
      "will in ju",
      "ight in ju",
      "ceed in ju",
      "I do in ju"
    ]
  ],
  "distances": [
    [
      0.0,
      0.0,
      2.975623846054077,
      0.0
    ],
    [
      0.8966589570045471,
      1.93778395652771,
      3.0924293994903564,
      1.136379361152649
    ],
    [
      1.32309091091156,
      2.059845447540283,
      3.126474618911743,
      1.173113465309143
    ],
    [
      1.4348423480987549,
      2.1919772624969482,
      3.1668384075164795,
      1.2159934043884277
    ],
    [
      1.436892032623291,
      2.226482391357422,
      3.169071912765503,
      1.815165638923645
    ],
    [
      1.5988727807998657,
      2.262791872024536,
      3.178727388381958,
      1.8225308656692505
    ],
    [
      1.6834511756896973,
      2.445355176925659,
      3.1899917125701904,
      1.8845359086990356
    ],
    [
      1.9220976829528809,
      2.5057504177093506,
      3.2031753063201904,
      1.8848917484283447
    ],
    [
      2.015657901763916,
      2.536498785018921,
      3.2061331272125244,
      1.8931714296340942
    ],
    [
      2.443016529083252,
      2.5944902896881104,
      3.225141763687134,
      1.893691897392273
    ]
  ]
}